2025-07-17,27
2025-07-18,26
2025-07-21,26
2025-07-22,26
2025-07-23,27
2025-07-24,26
2025-07-25,32
2025-07-28,26
2025-07-29,26
2025-07-30,26
2025-07-31,39
2025-08-01,33
2025-08-04,27
2025-08-05,26
2025-08-06,26
2025-08-07,26
2025-08-08,32
2025-08-11,26
2025-08-12,26
2025-08-13,26
2025-08-14,33
2025-08-15,26
2025-08-18,26
2025-08-19,32
2025-08-20,26
2025-08-21,26
2025-08-22,26
2025-08-25,26
2025-08-26,32
2025-08-27,43
2025-08-28,27
2025-08-29,26
2025-09-01,26
2025-09-02,32
2025-09-03,39
2025-09-04,40
2025-09-05,27
2025-09-08,27
2025-09-09,33
2025-09-10,27
2025-09-11,26
2025-09-12,32
2025-09-15,32
2025-09-16,26
2025-09-17,26
2025-09-18,39
2025-09-19,38
2025-09-22,32
2025-09-23,38
2025-09-24,27
2025-09-25,33
2025-09-26,38
2025-09-29,32
2025-09-30,26
2025-10-09,26
2025-10-10,33
2025-10-13,33
2025-10-14,33
2025-10-15,26
2025-10-16,26
2025-10-17,48
2025-10-20,32
2025-10-21,26
2025-10-22,32
2025-10-23,26
2025-10-24,26
2025-10-27,26
2025-10-28,32
2025-10-29,26
2025-10-30,33
2025-10-31,33
2025-11-03,27
2025-11-04,33
2025-11-05,27
2025-11-06,26
2025-11-07,32
2025-11-10,26
2025-11-11,32
2025-11-12,32
2025-11-13,26
2025-11-14,33
2025-11-17,33
2025-11-18,33
2025-11-19,27
2025-11-20,34
2025-11-21,50
2025-11-24,39
2025-11-25,37
2025-11-26,49
2025-11-27,33
2025-11-28,33
2025-12-01,33
2025-12-02,39
2025-12-03,39
2025-12-04,44
2025-12-05,33
2025-12-08,33
2025-12-09,39
2025-12-10,39
2025-12-11,44
2025-12-12,33
2025-12-15,43
2025-12-16,50
2025-12-17,33
2025-12-18,33
2025-12-19,28
2025-12-22,28
2025-12-23,28
2025-12-24,27
2025-12-25,27
2025-12-26,27
2025-12-29,27
2025-12-30,33
2025-12-31,27
2026-01-05,26
2026-01-06,26
2026-01-07,26
2026-01-08,32
2026-01-09,26
2026-01-12,26
2026-01-13,33
2026-01-14,33
2026-01-15,33
2026-01-16,33
2026-01-19,27
2026-01-20,33
2026-01-21,27
2026-01-22,27
2026-01-23,27
2026-01-26,33
2026-01-27,27
2026-01-28,27
2026-01-29,26
2026-01-30,33
2026-02-02,50
2026-02-03,33
2026-02-04,27
2026-02-05,39
2026-02-06,39
2026-02-09,32
2026-02-10,32
2026-02-11,27
2026-02-12,27
2026-02-13,45
2026-02-24,27
2026-02-25,27
2026-02-26,33
2026-02-27,26
2026-03-02,26
2026-03-03,44
2026-03-04,39
2026-03-05,32
2026-03-06,32
2026-03-09,38
2026-03-10,27
2026-03-11,27
2026-03-12,33
2026-03-13,33
2026-03-16,34
2026-03-17,39
2026-03-18,33
2026-03-19,51
2026-03-20,51
2026-03-23,66
2026-03-24,46
2026-03-25,45
2026-03-26,61
2026-03-27,49
2026-03-30,49
2026-03-31,55
2026-04-01,44
2026-04-02,50
2026-04-03,56
2026-04-07,49
2026-04-08,43
2026-04-09,49
2026-04-10,43
2026-04-13,38
2026-04-14,37
2026-04-15,37
2026-04-16,37
2026-04-17,38
2026-04-20,32
2026-04-21,32
2026-04-22,31
2026-04-23,37
2026-04-24,38
2026-04-27,32
2026-04-28,38
2026-04-29,31
2026-04-30,31
2026-05-06,27
2026-05-07,26
2026-05-08,32
2026-05-11,26
2026-05-12,32
2026-05-13,26
2026-05-14,43
2026-05-15,40
2026-05-18,34
2026-05-19,27
2026-05-20,33
2026-05-21,54
2026-05-22,28
2026-05-25,27
2026-05-26,38
2026-05-27,44
2026-05-28,32
2026-05-29,44
2026-06-01,44
2026-06-02,38
2026-06-03,37
2026-06-04,44
2026-06-05,49
2026-06-08,65
2026-06-09,44
2026-06-10,55
2026-06-11,50
2026-06-12,38
2026-06-15,33
2026-06-16,39
2026-06-17,33
2026-06-18,34
2026-06-22,27
2026-06-23,45
2026-06-24,33
2026-06-25,28
2026-06-26,50
2026-06-29,29
2026-06-30,28
2026-07-01,28
2026-07-02,50
2026-07-03,34
2026-07-06,35
2026-07-07,46
2026-07-08,41
2026-07-09,29
2026-07-10,42
2026-07-13,56
2026-07-14,44
2026-07-15,50
2026-07-16,66
